ID,Nome,Pago,Email,Fatura
001,Alex Diogo,S,alex.diogo@desafiosrpa.com.br,0125465
005,Marcos Costa,S,marcos.costa@desafiosrpa.com.br,0125489
006,Willian Share,S,willian.share@desafiosrpa.com.br,0165465
008,Viviane Silveira,S,viviane.silveira@desafiosrpa.com.br,0125665
012,Daniel Mark,S,daniel.mark@desafiosrpa.com.br,0125475
013,Ester Maria,S,ester.maria@desafiosrpa.com.br,0125467
014,Gloria Maria,S,gloria.maria@desafiosrpa.com.br,0128465
019,Erika Santana,S,erika.santana@desafiosrpa.com.br,0125965
020,Sander Willian,S,sander.willian@desafiosrpa.com.br,0125495
023,Wagner Rio de Janeiro,S,wagner.janeiro@desafiosrpa.com.br,0125335
024,Claudio Farinaceo,S,claudio.farinaceo@desafiosrpa.com.br,0125433
025,Liliane Santos,S,liliane.santos@desafiosrpa.com.br,0122465
027,Sônia Mello,S,sonia.mello@desafiosrpa.com.br,0125225
