ID,Nome,País,Cidade,Email
001,Alex Diogo,Brasil,Rio de Janeiro,alex.diogo@desafiosrpa.com.br
002,Roberto Miguel,Brasil,Rio de Janeiro,roberto.miguel@desafiosrpa.com.br
004,Marcelo Xavier,Brasil,Rio de Janeiro,marcelo.xavier@desafiosrpa.com.br
009,João Santos,Brasil,Rio de Janeiro,joao.santos@desafiosrpa.com.br
011,Sueli Santos,Brasil,Rio de Janeiro,Sueli.santos@desafiosrpa.com.br
013,Ester Maria,Brasil,Rio de Janeiro,ester.maria@desafiosrpa.com.br
016,Fernanda Paula,Brasil,Rio de Janeiro,fernanda.paula@desafiosrpa.com.br
019,Erika Santana,Brasil,Rio de Janeiro,erika.santana@desafiosrpa.com.br
023,Wagner Rio de Janeiro,Brasil,Tocantins,wagner.janeiro@desafiosrpa.com.br
025,Liliane Santos,Brasil,Rio de Janeiro,liliane.santos@desafiosrpa.com.br
